item_id,agenda_item_title,found_data_sheet,application_number,applicant,agent,architect,owner,matched_dev_applications_row,dev_app_street
2023.CC1.5,"415 Broadview Avenue - Notice of Intention to Designate a Property under Part IV, Section 29 of the Ontario Heritage Act",False,,,,,,False,
2023.CC11.9,Official Plan Amendment 309 - 18 Champlain Boulevard - Tippett Road Regeneration Area - Ontario Land Tribunal Hearing - Request for Directions,False,,,,,,False,
2023.CC13.10,250 Wincott Drive and 4620 Eglinton Avenue West - Authority to Amend Section 37 Agreement to Reflect the Minor Variance Decision of the Committee of Adjustment,False,,,,,,False,
2023.CC13.17,975 Danforth Avenue - Ontario Land Tribunal Hearing - Request for Directions,False,,,,,,False,
2023.CC3.6,5238 Dundas Street West and 28 Jopling Avenue South - Official Plan and Zoning By-law Amendment Application - Request for Direction,False,,,,,,False,
2023.CC5.22,399-405 Yonge Street - Zoning By-law Amendment - Ontario Land Tribunal Hearing - Request for Directions Report,False,,,,,,False,
2023.CC5.24,1-3 Concorde Gate and 10-12 Concorde Place - Zoning By-law Amendment - Ontario Land Tribunal Appeal - Request for Directions,False,,,,,,False,
2023.CC6.13,"15, 19, 21 and 23 Toryork Drive - Ontario Land Tribunal Hearing - Request for Directions",False,,,,,,False,
2023.CC7.11,1-3 Concorde Gate and 10-12 Concorde Place - Zoning By-law Amendment - Ontario Land Tribunal Appeal - Request for Directions,False,,,,,,False,
2023.CC7.9,"4, 6, 8 and 10 Beamish Drive - Zoning By-law Amendment Application - Ontario Land Tribunal Hearing - Request for Directions",False,,,,,,False,
2023.DM10.1,20 Broadoaks Drive and 11 Catford Road - Ontario Land Tribunal Hearing - Request for Directions,False,,,,,,False,
2023.DM12.1,25 Old York Mills Road - Official Plan and Zoning By-law Amendment Application - Ontario Land Tribunal Hearing - Request for Directions,False,,,,,,False,
2023.EY5.1,4500 Jane Street - Zoning By-law Amendment Application - Decision Report - Approval,True,21 188070 WET 07 OZ,Bousfields Inc.,,,GF II 4500 Jane Street Ltd.,True,4500 JANE ST
2023.EY6.2,2801 Jane Street - Zoning By-law Amendment Application - Decision Report - Approval,True,21 199452 WET 07 OZ,Bousfields Inc.,Bousefields Inc.,WZMH,GF 2801 Jane Street Ltd.,True,2801 JANE ST
2023.EY7.3,"5, 6 and 9 Jopling Avenue South - Zoning By-law Amendment - Decision Report - Approval",True,22 194681 WET 03 OZ,"CCD Jopling Residences LP. c/o Daniel Oliveira 134 Peter Street Toronto, Ontario M5V 2H2","Bousfields Inc. 3 Church Street, Suite 200 Toronto, Ontario M5E 1M2","Quadrangle Architects Ltd. 901 King Street West, Suite 701 Toronto, Ontario M5V 3H5","Anna Lukaczow 5 Jopling Avenue South Toronto, Ontario M9B 3P4",True,9 JOPLING AVE
2023.MM10.5,"Request to Consider Heritage Designation at 3100 Weston Road - by Councillor Anthony Perruzza, seconded by Councillor James Pasternak",False,,,,,,False,
2023.NY8.10,48 Grenoble Drive - Zoning By-law Amendment and Rental Housing Demolition Applications - Decision Report - Approval,True,22 127125 NNY 16 OZ 22 127161 NNY 16 RH,"Goldberg Group 2098 Avenue Road Toronto, ON M5M 4A8","Tenblock 30 Soudan Avenue, Suite 200 Toronto, Ontario, M5A 4S7,","Diamond Schmitt Architects 384 Adelaide St. W., suite 100 Toronto, ON M5V 1R7","48 GRENOBLE DRIVE LIMITED 85 Spy Court, suite 100 Markham, ON L3R 4Z4",False,
2023.PB1.4,"51 Panorama Court - Notice of Intention to Designate a Property under Part IV, Section 29 of the Ontario Heritage Act and Authority to Enter into a Heritage Easement Agreement",False,,,,,,False,
2023.PB10.3,220 Cowan Avenue and 1313 Queen Street West - Alterations to Designated Heritage Properties,False,,,,,,False,
2023.PB4.10,"5, 7, 9, 11, 13 Charles Street West; 11, 13 Irwin Avenue; 10 Isabella Street, 145 St. Luke Lane and 750 and 756 Yonge Street - Inclusion of 11 Properties on the Heritage Register",False,,,,,,False,
2023.PB4.3,"153 and 185 Eastern Avenue - Notice of Intention to Designate a Property under Part IV, Section 29 of the Ontario Heritage Act",False,,,,,,False,
2023.PB6.5,1404 and 1420 Yonge Street - Alterations to Heritage Properties and Authority to Enter into a Heritage Easement Agreement and 1404 and 1406 Yonge Street - Demolition of Heritage Properties,False,,,,,,False,
2023.PB6.6,64 Wellesley Street East - Alterations to a Heritage Property and Authority to Enter into a Heritage Easement Agreement,False,,,,,,False,
2023.PB7.1,"38 Walmer Road - Notice of Intention to Designate a Property under Part IV, Section 29 of the Ontario Heritage Act",False,,,,,,False,
2023.PB7.9,94 Cortleigh Boulevard - Inclusion on the Heritage Register,False,,,,,,False,
2023.PH1.9,Creating New Affordable and Supportive Homes for People Experiencing Homelessness,False,,,,,,False,
2023.PH3.13,"4888 Dundas Street West - Notice of Intention to Designate a Property under Part IV, Section 29 of the Ontario Heritage Act",False,,,,,,False,
2023.PH3.16,Expanding Housing Options in Neighbourhoods: Multiplex Study - Final Report,False,,,,,,False,
2023.PH3.17,Update Downsview: Draft Secondary Plan and Draft Community Development Plan Priorities - Status Report,False,,,,,,False,
2023.PH3.18,Our Plan Toronto: Employment Area Conversion Requests Status Update,False,,,,,,False,
2023.PH3.6,Housing Now Initiative - 2023 Progress Update,False,,,,,,False,
2023.PH4.1,Creation of a Woodbine Special Sign District,False,,,,,,False,
2023.PH4.5,Our Plan Toronto: Recommendations on Forty-Five Employment Area Conversion Requests - Final Report,False,,,,,,False,
2023.PH4.7,Mid-Rise Buildings Rear Transition Performance Standards Review & Draft Update,False,,,,,,False,
2023.PH4.8,City Comments on the Proposed Provincial Planning Statement,False,,,,,,False,
2023.PH5.3,Our Plan Toronto: Recommendations on Seventy Employment Area Conversion Requests and Chapter 7 Site and Area Specific Policy Review - Final Report,False,,,,,,False,
2023.PH6.2,"Bill 109 Implementation, Phase 3 - Recommended Official Plan and Municipal Code Amendments respecting Site Plan Control",False,,,,,,False,
2023.PH7.13,Area-Specific Amendment to the Sign By-law: 195 Galaxy Boulevard,False,,,,,,False,
2023.PH8.11,Federal Rapid Housing Initiative - Program Update and Phase Three Implementation,False,,,,,,False,
2023.PH8.16,Amendments to Toronto Municipal Code Chapter 667: Rental Demolition and Conversion By-law,False,,,,,,False,
2023.PH8.2,"Recommended Amendments to Zoning By-laws for Bars, Restaurants and Entertainment Venues as part of the Night Economy Review - Final Report",False,,,,,,False,
2023.PH8.23,Supporting Purpose Built Rental Homes in Etobicoke North,False,,,,,,False,
2023.PH8.3,Housing Action Plan: Zoning By-law Simplification and Modernization for Low-rise Residential Zones - Phase 1 Final Report,False,,,,,,False,
2023.SC2.1,"1625, 1633 and 1641 Kingston Road and 52 Birchcliff Avenue - Rental Housing Demolition Application - Final Report",False,,,,,,False,
2023.TE1.6,415 Broadview Avenue - Official Plan and Zoning By-law Amendment - Request for Direction Report,True,,BOUSFIELDS INC,,Finegold Alexander,PRESBYTERIAN CHURCH,False,
2023.TE4.13,"25 St. Mary Street - Official Plan Amendment,  Zoning Amendment, and Rental Housing Demolition Applications - Decision Report - Approval",True,21 166606 STE 13 OZ,"Urban Strategies Inc 197 Spadina Ave, Suite 600, Toronto, ON","Urban Strategies Inc 197 Spadina Ave, Suite 600, Toronto, ON","gh3 55 Ossington Ave, Suite 100, Toronto, ON M6J 2Y9","Microbjo Properties Inc 30 Soudan Ave, Suite 200,",True,25 ST MARY ST
2023.TE4.36,Ontario Place - Official Plan Amendment and Zoning By-law Amendment - Status Report,True,22 233864 STE 10 OZ,URBAN STRATEGIES,,,MANAGEMENT BOARD SECRETARIAT,True,955 LAKE SHORE BLVD
2023.TE5.9,880-882 and 888 Eastern Avenue and 74-80 Knox Avenue - Zoning By-law Amendment Application - Decision Report - Approval,True,21 136166 STE 14 OZ,TAS Impact Developments,,SvN,880EA CORP.,True,880-882 EASTERN AVE
2023.TE6.21,325 Gerrard Street East (Regent Park Phases 4 and 5) - Zoning By-law Amendment and Rental Housing Demolition Applications - Decision Report - Approval,True,,2747199 Ontario Limited (Deltera Inc.),,E.R.A. Architects Inc. and Karakusevic Carson Architects,Toronto Community Housing Corporation,False,
2023.TE9.12,822-838 Richmond Street West Official Plan and Zoning By-law Amendment Applications - Decision Report - Approval,True,22 175863 STE 10 OZ,HULLMARK DEVELOPMENTS LTD,,ATELIER BARDA,HM PF (822-838 RICHMOND) LTD,True,834 RICHMOND ST
2023.TE9.27,685 Lake Shore Boulevard East - Applications for Zoning By-law Amendment and Site Plan Control - Appeal Report,True,22 204512 STE 14 OZ,HILARY SPRIGGS,,BDP Quadrangle,SLH LAKESHORE INC,True,685 LAKE SHORE BLVD
2024.CC14.10,"3585 and 3595 St. Clair Avenue East, 636 to 646 and 641 to 663 Danforth Road, and 411 and 415 Kennedy Road - Official Plan Amendment, Zoning Amendment, Draft Plan of Subdivision - Request for Direction",False,,,,,,False,
2024.CC17.6,4888 Dundas Street West - Alteration of a Property Designated under Part IV of the Ontario Heritage Act and Authority to Enter into a Heritage Easement Agreement - Request for Directions,False,,,,,,False,
2024.CC17.7,4884-4896 Dundas Street West - Ontario Land Tribunal Hearing - Request for Directions,False,,,,,,False,
2024.CC18.12,Official Plan Amendment 573 - Danforth Avenue - Planning Study (Segment 2 - Don Valley to Coxwell Avenue),False,,,,,,False,
2024.CC19.12,"300 Borough Drive, 1755 Brimley Road, 400 to 580 Progress Avenue and 350 Town Centre Court - Ontario Land Tribunal Hearing - Request for Directions",False,,,,,,False,
2024.CC20.19,"1053 Don Mills Road, 2, 4, 4R, and 6 The Donway East Zoning By-law Amendment - Request for Direction Report",False,,,,,,False,
2024.CC21.3,70-86 Lynn Williams Street - Zoning By-law Amendment Application- Ontario Land Tribunal Hearing - Request for Directions,False,,,,,,False,
2024.CC21.4,"4195 Dundas Street West and 556, 558, 560, 562 and 564 Prince Edward Drive North - Official Plan Amendment and Zoning By-law Amendment Applications - Ontario Land Tribunal Hearing - Request for Directions",False,,,,,,False,
2024.CC23.14,710 The West Mall - Ontario Land Tribunal Hearing - Request for Directions,False,,,,,,False,
2024.CC23.16,49-59 Lawrence Avenue East - Ontario Land Tribunal Hearing - Request for Directions,False,,,,,,False,
2024.CC24.11,"1245 and 1285 Dupont Street, 1260 Dufferin Street, and 213 Emerson Avenue - Ontario Land Tribunal Hearing - Request for Directions",False,,,,,,False,
2024.CC24.12,33-51 Walsh Avenue and 2717-2745 Weston Road - Ontario Land Tribunal Hearing - Request for Directions,False,,,,,,False,
2024.CC24.13,417-419 Burnhamthorpe Road - Ontario Land Tribunal Hearing - Request for Directions,False,,,,,,False,
2024.CC24.6,"4001 Steeles Avenue West, 5000 Jane Street and 360 Hullmar Drive - Ontario Land Tribunal Hearing - Request for Directions",False,,,,,,False,
2024.DM20.1,5051-5061 Yonge Street - Official Plan and Zoning Amendment Applications - Ontario Land Tribunal Hearing - Request for Directions,False,,,,,,False,
2024.EY10.5,4884-4896 Dundas Street West - Official Plan Amendment and Zoning By-law Amendment Application - Appeal Report,True,22 139836 WET 03 OZ,"Annalisa Longo Rockport Group 170 The Donway West, Suite 307 Toronto, ON M3C 2G3","Annalisa Longo Rockport 170 The Donway West, Suite 307 Toronto, ON M3C 2G3","Graziani & Corazza 8400 Jane Street, Building D – Suite 300 Concord, ON L4K 4L8","Islington Village Developments Inc. c/o Kipling Realty Management Inc. 170 The Donway West, Suite 307 Toronto, ON M3C 2G3",True,4888 DUNDAS ST
2024.EY12.7,12 Hillside Road - Official Plan Amendment and Zoning By-law Amendment Application - Decision Report - Refusal,True,23 126569 WET 07 OZ,"Corbett Land Strategies Inc. 5045 South Service Road, Burlington, Ontario",N/A,"Hunt Design Associates 2966 Woodbine Avenue, Markham, Ontario","Adriana Ortino 11904 Woodbine Avenue, Stouffville, Ontario",True,12 HILLSIDE RD
2024.EY14.2,1911 Finch Avenue West (Jane Finch Mall) - Official Plan Amendment and Zoning Amendment Applications - Decision Report - Approval,True,,"Urban Strategies 197 Spadina Ave. Toronto, ON M5T 2C8","Emily Reisman 197 Spadina Ave. Toronto, ON M5T 2C8","BDP. Quadrangle 8 Spadina Ave. Suite 2100 Toronto, ON M5V 0S8","Brad-Jay Investments Ltd. 3100 Steeles Ave. W. Toronto, ON L4K 3R1",False,
2024.EY18.6,4875 Dundas Street West - Official Plan Amendment and Zoning By-law Amendment Application - Decision Report - Refusal,True,24 143269 WET 03 OZ,"Lincoln Lo Lincoln Lo Malone Given Malone Given Parsons Ltd Parsons Ltd 140 Renfrew Dr, 140 Renfrew Dr, Suite 201 Suite 201 Markham, ON L3R Markham, ON L3R 6B3 6B3",,"Graziani & Corazza 8400 Jane Street, Building D, Suite 300 Concord ON L4K 4L8","4875 Dundas St. West Residences Limited C/O South Building E 8700 Dufferin St, Floor 2 Vaughan, ON L4K 4S6",True,4875 DUNDAS ST
2024.EY18.7,"220, 230 and 240 Lake Promenade and 21 and 31 Park Boulevard - Official Plan Amendment, Zoning By-law Amendment, and Draft Plan of Subdivision Applications - Appeal Report",True,23 134668 WET 03 OZ; 23 134682 WET 03 SB,"Bousfields Inc. c/o David Huynh 3 Church Street, Suite 200, Toronto, ON, M5E 1M2",,"BDP Quadrangle Architects Limited, 901 King Street West, Suite 701, Toronto, ON, M5V 3H5","Lake Promenade Apartments Limited, c/o Jack Greenberg, 181 Eglinton Avenue East, Suite 204, Toronto, ON, M4P 1J4",False,
2024.MM14.17,"717 - 733 Mount Pleasant Road - Request for City Solicitor to Attend at the Ontario Land Tribunal - by Councillor Jaye Robinson, Seconded by Councillor Mike Colle",False,,,,,,False,
2024.NY10.5,3 Swift Drive - Zoning By-law Amendment and Rental Housing Demolition Applications - Decision Report - Approval,True,,"Republic Developments 100 King St W, Suite 5700 Toronto, ON M5X 1C7","IBI Group 7th Fl 55 St Clair Ave W Toronto, ON M4V 2Y7","IBI Group Architects 7th Fl 55 St Clair Ave W Toronto, ON M4V 2Y7","2724471 ONTARIO INC. 5830 Campuc Rd, Suite 100, Mississauga, ON L4V 1G2",False,
2024.NY11.2,72 Church Avenue - Official Plan and Zoning By-law Amendment Application - Decision Report - Approval,True,19 221984 NNY 18 OZ,THE BIGLIERI GROUP,Mark Jacob,Taes Architect Inc,XIAO JING WANG,True,72 CHURCH AVE
2024.NY11.6,"1053 Don Mills Road, 2, 4, 4R, and 6 The Donway East Zoning By-law Amendment, Plan of Subdivision, and Site Plan Applications - Appeal Report",True,,"THE DONWAY EAST LIMITED 181 EGLINTON AVE EAST, SUITE 204, TORONTO ON, M4P 1J4","BOUSFIELDS INC. 3 CHURCH STREET, SUITE 200, TORONTO ON, M5E 1M2","BDP. QUADRANGLE 901 KING STREET WEST, SUITE 701 TORONTO, ON M5V 3H5","THE DONWAY EAST LIMITED 181 EGLINTON AVE E, SUITE 204, TORONTO ON, M4P 1J4",False,
2024.NY13.3,"824 Sheppard Avenue West, 177, 179 and 181 Cocksfield Avenue - Zoning Amendment  and Rental Housing Demolition and Conversion Application - Decision Report - Approval",True,23 171271 NNY 06 OZ,BOUSFIELDS INC,,Architecture Unfolded,ACLP-SHEPPARD AVENUE GP INC.,True,824 SHEPPARD AVE
2024.NY15.3,155 Antibes Drive - Zoning By-law Amendment Application - Decision Report - Approval,True,21 234538 NNY 06 OZ,URBAN STRATEGIES INC,,,ZAGJO HOLDINGS LIMITED,True,155 ANTIBES DR
2024.NY15.4,1875 Steeles Avenue West - Zoning By-law Amendment and Rental Housing Demolition and Conversion Applications - Decision Report - Approval,True,20 213392 NNY 06 OZ,TENBLOCK,BOUSFIELDS,KIRKOR,TENBLOCK,True,1875 STEELES AVE
2024.NY18.12,230 and 240 The Donway West - Official Plan Amendment and Zoning Amendment Application - Decision Report - Approval,True,22 124524 NNY 16 OZ,DONWAY CO- OPERATIVE DEVELOPMENT CORP.,DONWAY CO- OPERATIVE DEVELOPMENT CORP.,ARCHITECTURE UNFOLDED,UNITED CHURCH CANADA,True,230 THE DONWAY
2024.PB15.10,"49 and 51 Yonge Street - Alterations to Heritage Properties, Demolition of Heritage Attributes and Authority to Enter into a Heritage Easement Agreement",False,,,,,,False,
2024.PB15.11,"625 Yonge Street (Including 627, 629, 631, 633, 635 and 637 Yonge Street and 1, 3 and 5 Isabella Street) - Alterations to a Heritage Property and Authority to Enter into a Heritage Easement Agreement",False,,,,,,False,
2024.PB15.13,1779-1787 Bayview Avenue - Official Plan and Zoning By-law Amendment and Site Plan Control Applications - Heritage Matters,False,,,,,,False,
2024.PB15.2,"6 and 8 Cawthra Square - Notice of Intention to Designate a Property under Part IV, Section 29 of the Ontario Heritage Act",False,,,,,,False,
2024.PB16.11,"64 Woodlawn Avenue West - Refusal of Repeal of Designating By-law under Section 32 of the Ontario Heritage Act and Proposed Amendment to Designating By-law under Part IV, Section 30.1 of the Ontario Heritage Act",False,,,,,,False,
2024.PB16.12,"36-42 Maitland Street - Alterations to Heritage Properties, Demolition of Attributes and Authority to Enter into a Heritage Easement Agreement",False,,,,,,False,
2024.PB16.13,"68 Wellesley Street East - Refusal of Application for Alterations to Designated Heritage Properties Under Part IV, Section 33 of the Ontario Heritage Act",False,,,,,,False,
2024.PB16.14,"650 (650A and 652) and 664 Yonge Street - Alterations to Heritage Properties, Demolition of Attributes and Authority to Enter into a Heritage Easement Agreement",False,,,,,,False,
2024.PB16.16,"374, 376 and 378 Yonge Street - Approval of Application for Alterations to Designated Heritage Properties Under Part IV, Section 33 of the Ontario Heritage Act and Authority to Enter into a Heritage Easement Agreement",False,,,,,,False,
2024.PB16.6,"294, 306 and 318 Lawrence Avenue East and 101 Mildenhall Road - Notice of Intention to Designate a Property under Part IV, Section 29 of the Ontario Heritage Act",False,,,,,,False,
2024.PB16.8,4888 Dundas Street West - Alteration of a Property Designated under Part IV of the Ontario Heritage Act and Authority to Enter into a Heritage Easement Agreement - Request for Directions,False,,,,,,False,
2024.PB16.9,171 Lowther Avenue - Alterations to a Heritage Property and Authority to Enter into a Heritage Easement Agreement,False,,,,,,False,
2024.PB18.7,"123 Wynford Drive - Refusal of Application for Alterations to the Attributes and Demolition of a Building and Heritage Attributes on a Designated Heritage Property Under Part IV, Sections 33 and 34 of the Ontario Heritage Act",False,,,,,,False,
2024.PH10.11,Supporting New Long-Term Care Beds in North York,False,,,,,,False,
2024.PH10.12,Technical Corrections to the Multi-tenant Housing Zoning By-law,False,,,,,,False,
2024.PH10.13,Eliminating Education Development Charges on Missing Middle Housing Forms,False,,,,,,False,
2024.PH10.2,New Multi-Tenant Houses Renovation Program to Preserve and Improve Affordable Rental Homes,False,,,,,,False,
2024.PH11.10,Response to Including New Approval Conditions for Rental Demolition Applications,False,,,,,,False,
2024.PH11.13,"1111 Danforth Avenue - Notice of Intention to Designate a Property under Part IV, Section 29 of the Ontario Heritage Act",False,,,,,,False,
2024.PH11.2,Our Plan Toronto: Official Plan Chapter One - Decision Report - Approval,False,,,,,,False,
2024.PH11.8,RentSafeTO Program Update Report,False,,,,,,False,
2024.PH11.9,Short-Term Rental By-law Implementation Update,False,,,,,,False,
2024.PH12.1,"Update Downsview: Secondary Plan, Zoning By-law, Urban Design Guidelines and Master Environmental Servicing Plan - Final Report",False,,,,,,False,
2024.PH12.3,Expanding Housing Options in Neighbourhoods: Major Streets Study - Final Report,False,,,,,,False,
2024.PH12.7,"City Comments on Proposed Bill 185 - Cutting Red Tape to Build More Homes Act, 2024, Provincial Planning Statement 2024, and New Minister Zoning Order Framework",False,,,,,,False,
2024.PH12.8,Request a Review of Zoning Regulations to Restrict Outdoor Parking of Commercially Licensed Vehicles on Private Property in Residential Areas,False,,,,,,False,
2024.PH13.2,Villiers Island Precinct - City-Initiated Official Plan and Zoning By-law Amendment - Decision Report - Approval,False,,,,,,False,
2024.PH13.3,2444 Eglinton Avenue East - Zoning Amendment - Decision Report - Approval,True,24 136301 ESC 21 OZ,SAGE 147 ELDER REAL CO INC,,,CITY OF TORONTO,True,2444 EGLINTON AVE
2024.PH13.4,Housing Action Plan: As-of-Right Zoning for Mid-rise Buildings on Avenues and Updated Rear Transition Performance Standards - Proposals Report,False,,,,,,False,
2024.PH13.5,"Modular Housing Initiative Phase 2: Update Report, and Amendments to Purchase Order Numbers 6052027 and 6052881 issued to NRB Inc. for Design-Build Services for Supportive Housing",False,,,,,,False,
2024.PH13.7,Renovictions Policy Implementation: Review of Hamilton Renovation Licence and Tenant Relocation By-law and developing a Toronto Renovictions By-law,False,,,,,,False,
2024.PH13.8,Launching the Rental Housing Supply Program,False,,,,,,False,
2024.PH13.9,Community Housing Sector Modernization and Growth Strategy,False,,,,,,False,
2024.PH14.13,Expanding Permitted Uses in Laneway and Garden Suites,False,,,,,,False,
2024.PH14.14,Medical - Office Facilities/Affordable-Seniors Residential Project in Continuum of Care Setting - Request for Minister's Zoning Order at 4646 Dufferin Street,False,,,,,,False,
2024.PH14.6,Advancing the Construction of Affordable Rental Homes at 777 Victoria Park Avenue,False,,,,,,False,
2024.PH14.7,Single Exit Stair: Ontario Building Code Feasibility Study,False,,,,,,False,
2024.PH15.1,Official Plan Policy Amendments for Infrastructure Projects in Parks and Open Space Areas - Decision Report,False,,,,,,False,
2024.PH15.3,35 Bellevue Avenue - Zoning By-law Amendment - Decision Report - Approval,True,,City Initiated,City Initiated,Montgomery Sisam Architects Inc.,City of Toronto,False,
2024.PH15.5,2023-2024 Annual Progress Update Report - HousingTO 2020-2030 Action Plan and Housing Action Plan (2022-2026),False,,,,,,False,
2024.PH16.1,Housing Action Plan: As-of-Right Zoning for Mid-rise Buildings on Avenues and Updated Rear Transition Performance Standards - Final Report,False,,,,,,False,
2024.PH16.13,Building More Missing Middle - Addressing Gaps in Multiplex Permissions,False,,,,,,False,
2024.PH16.2,"Low-Rise Residential Lands in the Toronto and East York District of the City of Toronto, to Zoning By-law 569-2013",False,,,,,,False,
2024.PH16.3,Expanding Housing Options in Neighbourhoods - Beaches-East York Pilot Project - Official Plan and Zoning By-law Amendments - Decision Report - Approval,True,24 113744 19 OZ,CREATETO,-,Superkul,City of Toronto,False,
2024.PH16.4,Implementing a Rental Renovation Licence By-law to Address Renovictions,False,,,,,,False,
2024.PH17.11,Housing Accelerator Fund: Expanding Permissions in Neighbourhoods for Six Units and Four Storeys - Preliminary Report,False,,,,,,False,
2024.PH17.2,Expanding Housing Options in Neighbourhoods - Neighbourhood Retail and Services Study Phase Two Final Report,False,,,,,,False,
2024.PH17.5,Establishing a Framework to Address Excessive Indoor Temperatures in Leased Residential Premises,False,,,,,,False,
2024.PH17.6,Exempting Dwelling Rooms in a Multi-tenant House from Parkland Dedication and Clarifications to Exemptions in Article III of Chapter 415 - Development of Land,False,,,,,,False,
2024.PH17.7,Relaunch of the Home Ownership Assistance Program to Support New Non-Profit Affordable and Attainable Home Ownership Housing,False,,,,,,False,
2024.PH9.1,"Ready, Set, Midtown: Zoning Review - City Initiated Zoning By-law Amendments for Select Lands Designated Apartment Neighbourhoods - Decision Report - Approval",False,,,,,,False,
2024.PH9.12,"78, 80 and 86 Mimico Avenue - Notice of Intention to Designate a Property under Part IV, Section 29 of the Ontario Heritage Act",False,,,,,,False,
2024.PH9.14,Fraternities should not be exempt from the Multi-Tenant Housing Bylaw,False,,,,,,False,
2024.SC10.5,54-62 Glen Everest Road - Rental Housing Demolition Application - Decision Report - Approval,False,,,,,,False,
2024.SC15.1,3291 Kingston Road and 2 and 4 Windy Ridge Drive - Rental Housing Demolition Application - Decision Report - Approval,False,,,,,,False,
2024.TE12.5,171-175 Lowther Avenue - Official Plan and Zoning By-law Amendment Application - Decision Report - Approval,True,23 223597 STE 11 OZ,WND Associates,Andrew Ferancik,Gabriel Fain,"Jordan Reznick, Yona Reznick and Shauna Lee Reznick.",True,171 LOWTHER AVE
2024.TE13.6,1095 and 1111 Danforth Avenue - Zoning By-law Amendment Application - Decision Report - Approval,True,22 114259 STE 14 OZ,MHBC PLANNING LTD,,,1095-1111 DANFORTH PROJEST GP INC,True,1095 DANFORTH AVE
2024.TE13.7,1117 Danforth Avenue - Zoning By-law Amendment and Rental Housing Demolition Applications - Decision Report - Approval,True,24 120936 STE 14 OZ,MHBC Planning,David McKay,Studio JCI,Houselink and Mainstay Community Housing,True,1117 DANFORTH AVE
2024.TE13.8,1400 Gerrard Street East - Zoning By-law Amendment Application - Decision Report - Approval,True,22 140740 STE 14 OZ,MIKE DROR,BOUSFIELDS,BRANDER ARCHITECTS,GERRARD WOODFIELD HOLDINGS INC,True,1400 GERRARD ST
2024.TE14.16,135 Roxborough Drive - Alterations to a Designated Heritage Property in the North Rosedale Heritage Conservation District,False,,,,,,False,
2024.TE15.10,400 Broadview Avenue - Official Plan and Zoning By-law Amendment - Decision Report - Approval,True,24 135519 STE 14 OZ,BOUSFIELDS INC.,BOUSFIELDS INC.,DSAI,SINAI HEALTH,True,400 BROADVIEW AVE
2024.TE16.5,214-230 Sherbourne Street - Official Plan and Zoning By-law Amendment Application - Decision Report - Approval,True,22 204780 STE 13 OZ,1000197547 Ontario Inc.,1000197547 Ontario Inc,Hariri Pontarini Architects,1000197547 Ontario Inc.,True,214 SHERBOURNE ST
2024.TE17.8,"985 Woodbine Avenue and 2078, 2086, 2100, 2102 and 2106 Danforth Avenue - Zoning By-law Amendment and Rental Housing Demolition Applications - Decision Report - Approval",True,19 122810 STE 19 OZ,2132397 ONTARIO LIMITED,BOUSFIELDS INC.,SUPERKUL,CP REIT ONTARIO PROPERTIES LIMITED,True,985 WOODBINE AVE
2025.CC32.11,Expanding Housing Options in Neighbourhoods: Major Streets Study - Ontario Land Tribunal Hearing - Request for Directions,False,,,,,,False,
2025.CC32.20,"220, 230 and 240 Lake Promenade and 21 and 31 Park Boulevard - Ontario Land Tribunal Hearing - Request for Directions",False,,,,,,False,
2025.CC33.22,2 Whitney Avenue (135 Glen Road) - Application to Erect a Structure in the North Rosedale Heritage Conservation District - Refusal,False,,,,,,False,
2025.CC34.4,2 Tippett Road - Ontario Land Tribunal Hearing - Request for Directions,False,,,,,,False,
2025.DM35.1,847-855 Kingston Road - Ontario Land Tribunal Hearing - Request for Directions,False,,,,,,False,
2025.EY23.1,3406-3434 Weston Road - Official Plan and Zoning By-law Amendment Application - Decision Report - Approval,True,24 151539 WET 07 OZ,"Bousfields Inc. 3 Church Street, Suite 200, Toronto, ON, M5E 1M2",,"ICON Architects 813-4789 Younge Street, Toronto, ON, M2N 0G3","Pinemount Developments 1 Whitehorse Road, Unit 16-18, Toronto, ON, M3J 3G8",True,3406-3434 WESTON RD
2025.EY26.2,1138 Islington Avenue - Zoning By-law Amendment Application - Decision Report - Approval,True,22 205614 WET 03 OZ,MHBC Planning,Batory,Project Studio Architects,Maria Jones,True,1138 ISLINGTON AVE
2025.EY26.4,3418 Lake Shore Boulevard West and 0 Skeens Lane - Official Plan Amendment and Zoning By-law Amendment Application - Decision Report - Approval,True,24 211777 WET 03 OZ,Weston Consulting,Weston Consulting,SRN Architects Inc.,Eden Oak Homes Inc.,True,0 SKEENS LANE
2025.EY26.5,5280 Dundas Street West - Zoning By-law Amendment Application - Decision Report - Approval,True,24 235116 WET 03 OZ,"Marlin Realty Limited 2300 Yonge Street, 5th Floor, Suite 500 Toronto, Ontario M4P 1E4","Kian Manesh Marlin Realty Limited 2300 Yonge Street, 5th Floor, Suite 500 Toronto, Ontario M4P 1E4","Jahan Mehr Architects 5000 Yonge St, Suite 1901 Toronto, Ontario, M2N 7E9","5280 Dundas Developments Limited 2300 Yonge Street, 5th Floor, Suite 500 Toronto, Ontario M4P 1E4",True,5280 DUNDAS ST
2025.MM32.44,"250 Wincott Drive - Request for City Solicitor to Attend at the Ontario Land Tribunal - by Councillor Stephen Holyday, seconded by Councillor Parthi Kandavel",False,,,,,,False,
2025.MM35.12,"199 College Street Community Benefits Charge, College Streetscape - by Councillor Dianne Saxe, seconded by Councillor Jamaal Myers",False,,,,,,False,
2025.NY21.2,"104 - 114 Finch Avenue East - Official Plan Amendment, Zoning By-law Amendment, Applications - Decision Report - Approval",True,24 171445 NNY 18 OZ,Joe Tang Regency Property Inc.,,Mar Architect Inc.,Zhuyun Wang,True,104 FINCH AVE
2025.NY21.3,2810 - 2816 Bayview Avenue - Official Plan Amendment and Zoning By-law Amendment - Decision Report - Approval,True,24 185488 NNY 18 OZ,A-O BAYVIEW INC,,,A-O BAYVIEW INC,True,2810 BAYVIEW AVE
2025.NY22.1,1 Broadlands Boulevard - Zoning By-law Amendment Application- Decision Report - Approval,True,24 164540 NNY 16 OZ,THE PLANNING AGENCY LIMITED,,,12723638 CANADA LTD.,True,1 BROADLANDS BLVD
2025.NY25.6,2674-2704 Yonge Street and 19 Alexandra Boulevard - Official Plan Amendment and Zoning By-law Amendment - Decision Report - Approval,True,25 120999 NNY 08 OZ,19 ALEXANDRA INC,,,2704 YONGE ST,True,2678 YONGE ST
2025.NY25.8,1410 Eglinton Avenue West - Zoning By-law Amendment - Appeal Report,True,24 222025 NNY 08 OZ,MHBC PLANNING,,,STARBANK DEVELOPMENTS 1416 CORP,True,1410 EGLINTON AVE
2025.PH18.16,"3100 Weston Road - Notice of Intention to Designate a Property under Part IV, Section 29 of the Ontario Heritage Act",False,,,,,,False,
2025.PH18.4,Expanding Housing Options in Neighbourhoods - Ward 23 Multiplex Study - Official Plan and Zoning By-law Amendments - Decision Report - Approval,False,,,,,,False,
2025.PH18.5,Housing Action Plan: Avenues Policy Review - Decision Report,False,,,,,,False,
2025.PH18.6,Progress on Building More Supportive Homes,False,,,,,,False,
2025.PH19.10,Replacement Units for Demovicted Dwelling Room Tenants,False,,,,,,False,
2025.PH20.1,7-9 Wardlaw Crescent - City-Initiated Zoning By-law Amendment - Decision Report - Approval,True,,City Initiated,City Initiated,Montgomery Sisam Architects Inc.,City of Toronto,False,
2025.PH20.2,Implementation Guidelines for Rental Replacement,False,,,,,,False,
2025.PH20.4,1 Dundas Street East: Amendments to the Sign By-law,False,,,,,,False,
2025.PH20.7,Toronto's Academic Housing Strategy - Improving Housing Outcomes for Post-Secondary Students,False,,,,,,False,
2025.PH21.1,Official Plan Amendments to Align with Provincial Legislative and Policy Changes Related to Employment Areas - Decision Report,False,,,,,,False,
2025.PH21.3,Development Application Fee Review,False,,,,,,False,
2025.PH21.4,Toronto Builds - A Policy Framework to Build More Affordable Rental Homes on Public Land,False,,,,,,False,
2025.PH22.3,Expanding Housing Options in Neighbourhoods - Multiplex - Monitoring Program - Final Report,False,,,,,,False,
2025.PH22.4,Housing Accelerator Fund: Expanding Permissions in Neighbourhoods for Low-Rise Sixplexes - Final Report,False,,,,,,False,
2025.PH22.5,Housing Accelerator Fund: Apartment Infill Study - Residential Infill Report,False,,,,,,False,
2025.PH22.8,Housing Action Plan: Avenues Policy Review - Phase Two Work Plan,False,,,,,,False,
2025.PH23.1,Expanding Housing Options in Neighbourhoods - Garden Suites Monitoring Program - Final Report,False,,,,,,False,
2025.PH23.14,City Foundation Drainage Policy,False,,,,,,False,
2025.PH23.3,Advancing Six Sites for the Homelessness Services Capital Infrastructure Strategy (HSCIS) - City-Initiated Official Plan Amendment and Six Zoning By-law Amendments - Decision Report - Approval,True,,City of Toronto,,Workshop,City of Toronto,False,
2025.PH23.5,From Concept to Construction: Creating More Homes Across the Housing Continuum,False,,,,,,False,
2025.PH23.6,Missing Middle and Midrise Housing Implementation Initiative,False,,,,,,False,
2025.PH24.5,2 College Street - Area-Specific Amendment to the Sign By-law,False,,,,,,False,
2025.PH25.3,Community Within Reach: Expanding Housing Options in Neighbourhoods (EHON) Neighbourhood Retail and Services Study - Phase Three Final Report,False,,,,,,False,
2025.PH25.4,2024-2025 Annual Progress Report - HousingTO 2020-2030 Action Plan and Housing Action Plan (2022-2026),False,,,,,,False,
2025.PH26.10,Permanent Closure of a Portion of the Public Laneway at 66-66Y Third Street,False,,,,,,False,
2025.PH26.17,444 Logan Avenue - Making Quality of Life and Environmental Improvements for Seniors,False,,,,,,False,
2025.PH26.4,Housing Action Plan: Avenues Policy Review Phase Two: Initial Study of Wards 9 and 11,False,,,,,,False,
2025.PH26.8,Tenancy Update with Beech Hall Housing Co-operative and Alexandra Park Housing Co-operative,False,,,,,,False,
2025.SC20.1,2759 and 2761 to 2763 Kingston Road and 52 St Quentin Avenue - Official Plan and Zoning By-law Amendment Application - Decision Report - Approval,True,22 219770 ESC 20 OZ,FOTENN PLANNING & DESIGN,,,AROMA II INC,True,52 ST QUENTIN AVE
2025.SC23.1,"2823, 2825, 2827 and 2829 Eglinton Avenue East - Zoning By-law Amendment - Decision Report - Approval",True,22 139337 ESC 20 OZ,BOUSFIELDS INC,,,2872136 ONTARIO INC,True,2823 EGLINTON AVE
2025.SC23.2,672 to 676 Birchmount Road - Official Plan and Zoning By-law Amendment Applications - Decision Report - Approval,True,20 224482 ESC 20 OZ,BIRCHMOUNT BIRCH PROPERTIES,,,BIRCHMOUNT BIRCH PROPERTIES INC,True,672 BIRCHMOUNT RD
2025.SC23.4,62 Orchard Park Drive - Zoning By-law Amendment Application - Decision Report - Approval,True,,SHS Consulting Club,,Hilditch Architect Inc.,East Scarborough Boys & Girls,False,
2025.SC24.1,4610 Finch Avenue East - Zoning By-law Amendment Application - Decision Report - Approval,True,24 170605 ESC 23 OZ,MONTGOMERY SISAM ARCHITECTS INC,,,CIT OF TORONTO,True,4610 FINCH AVE
2025.TE21.4,"158 Sterling Road (Blocks 5B, 5C and 5D) and 190 Sterling Road (Block 3B) - Official Plan and Zoning By-law Amendment Applications - Decision Report - Approval",False,,,,,,False,
2025.TE21.9,111 Peter Street - Zoning By-law Amendment Application - Decision Report - Approval,True,24 243620 STE 10 OZ,Capital Developments,Capital Developments,WZMH Architects,Industrial Alliance Ins & Financial Services Inc,True,111 PETER ST
2025.TE23.3,604-610 Bay Street and 130 Elizabeth Street - Official Plan and Zoning By-law Amendment Application - Decision Report - Approval,True,25 133694 STE 11 OZ,Kilmer-Tricon,,,City of Toronto,True,604 BAY ST
2026.CC36.10,353 to 355 Sherbourne Street and 157 Carlton Street - Alterations to a Designated Heritage Property under Section 42 of the Ontario Heritage Act and Authority to Enter into a Heritage Easement Agreement,False,,,,,,False,
2026.CC39.10,895 Lawrence Avenue East - Ontario Land Tribunal Hearing - Request for Directions,False,,,,,,False,
2026.CC39.9,444 to 468 Eglinton Avenue West - Official Plan and Zoning By-law Amendment Application - Ontario Land Tribunal Hearing - Request for Directions,False,,,,,,False,
2026.CC41.14,155 St Dennis Drive - Ontario Land Tribunal Hearing - Request for Directions,False,,,,,,False,
2026.EY29.2,2256 Lake Shore Boulevard West - Official Plan Amendment and Zoning By-law Amendment Application - Decision Report - Approval,True,22 200446 WET 03 OZ,WND Associates Limited,,Core Architects,2589727 Ontario Limited,True,2256 LAKE SHORE BLVD
2026.EY30.1,2775 Jane Street - Zoning By-law Amendment - Decision Report - Approval,True,24 142776 WET 07 OZ,URBAN STRATEGIES,,,2775 JANE STREET LIMITED,True,2775 JANE ST
2026.EY31.2,2 to 4 Mendota Road - Official Plan and Zoning By-law Amendment - Decision Report - Approval,True,24 252687 WET 03 OZ,"GHD Limited 100 Milverton Drive Suite 404 Mississauga, ON L 5R 4H1","GHD Limited 100 Milverton Drive Suite 404 Mississauga, ON L5R 4H1","Pierce McClusky Architects 1908 Ironoak Way Suite 203 Oakville, ON L6H 0N1","Canadian Mini- Warehouse Properties Company 1740 Argentia Road Mississauga, ON L5N 3K3",True,2-4 MENDOTA RD
2026.EY31.3,"2915, 2917, 2939, 2941 and 2943 Bloor Street West - Zoning By-law Amendment Application - Appeal Report",True,25 208823 WET 03 OZ,Goldberg Group c/o Michael Goldburg,Goldberg Group c/o Michael Goldburg,Arcadis Architects (Canada) Ltd.,2915-2943 Bloor Street West Developments Ltd.,True,2915-2917 BLOOR ST
2026.EY32.1,2686 and 2688 Lake Shore Boulevard West - Official Plan and Zoning By-law Amendment Application - Decision Report - Approval,True,25 184315 WET 03 OZ,Insoho Developments Inc,WND Planning and Associates,Wallman Architects,Lakeshore Birch Properties Inc,True,2688 LAKE SHORE BLVD
2026.EY32.5,3100 Weston Road - Zoning By-law Amendment Application - Appeal Report,True,25 189182 WET 07 OZ,David Mackay,MHBC,Lumbao Architects,1000331725 ONTARIO INC.,True,3100 WESTON RD
2026.NY33.2,75-81 Billy Bishop Way - Official Plan Amendment and Zoning By-law Amendment Applications - Appeal Report,True,25 125641 NNY 06 OZ,COLLIERS STRATEGY & CONSULTING,,,MANULIFE ONTARIO PROPERTY PORTFOLIO INC,True,75 BILLY BISHOP WAY
2026.NY34.12,245 Eglinton Avenue East - Official Plan Amendment and Zoning By-law Amendment Application- Decision Report - Approval,True,25 193910 NNY 15 OZ,COLLIERS DEVELOPMENT ADVISORY,,,CRESTVIEW INVESTMENT CORPORATION,True,245 EGLINTON AVE
2026.NY34.25,922 Millwood Road - Official Plan Amendment and Zoning By-law Amendment Application - Decision Report - Approval,True,25 227957 NNY 15 OZ,M BEHAR PLANNING & DESIGN INC,M BEHAR PLANNING & DESIGN INC,TAES ARCHITECTS INC,1000142683 ONTARIO INC,True,922 MILLWOOD RD
2026.NY34.8,1-11 Vinci Crescent - Official Plan Amendment and Zoning Amendment Applications - Decision Report - Approval,True,25 216777 NNY 06 OZ,MHBC PLANNING LIMITED,,,1-11 VINCI CRESCENT LTD,True,3 VINCI CRES
2026.NY34.9,1377 Sheppard Avenue West (Downsview West District) - Zoning By-law Amendment - Decision Report - Approval,True,24 232020 NNY 06 OZ,URBAN STRATEGIES,,INC.,PARC DOWNSVIEW PARK INC,True,1377 SHEPPARD AVE
2026.PH27.2,"Toronto Builds - 1631 and 1641 Queen Street East, and 1080 (Portion) and 1090 Eastern Avenue - Official Plan and Zoning By-law Amendment - Decision Report - Approval",True,21 1136860 STE 19 OZ,Create TO (City of Toronto),,SVN Architects & Planners,City of Toronto,False,
2026.PH27.20,Preserving Employment Lands and Protecting Local Jobs,False,,,,,,False,
2026.PH27.3,Scarborough Centre Secondary Plan - Final Report,False,,,,,,False,
2026.PH27.8,Visitor Parking Requirements for New Development,False,,,,,,False,
2026.PH29.4,RentSafeTO Update,False,,,,,,False,
2026.PH29.5,Advancing the City's Affordable Housing Access System,False,,,,,,False,
2026.PH29.6,105-109 Vanderhoof Avenue and 10 Brentcliffe Road - Official Plan Amendment Application - Appeal Report,False,,,,,,False,
2026.PH30.1,"Ookwemin Minising - City-Initiated Official Plan and Zoning By-law Amendment, and Precinct Plan Update - Decision Report - Approval",False,,,,,,False,
2026.PH30.2,Toronto Builds: 970 Kipling Avenue - Zoning By-law Amendment Application - Decision Report - Approval,True,26 127458 WET 03 OZ,Kilmer Infrastructure Developments,,,City of Toronto,True,970 KIPLING AVE
2026.PH30.3,3838 Bloor Street West - Official Plan and Zoning By-law Amendment Application - Decision Report - Approval,True,26 105531 WET 02 OZ,ERA Architects Inc.,,ERA Architects Inc.,City of Toronto,True,3838 BLOOR ST
2026.PH30.6,Building Toronto's Housing Future - Housing Development Office 2026 Annual Toronto Builds Update and Three-Year Work Plan,False,,,,,,False,
2026.PH31.10,"Humber Bay Shores, Christie's Redevelopment and Park Lawn GO Station",False,,,,,,False,
2026.PH32.7,Billy Bishop Airport Proposed Expansion: Response to Council Request for Information on Housing and Transportation Impacts,False,,,,,,False,
2026.SC28.1,1212 to 1238 Kingston Road - Zoning By-law Amendment - Decision Report - Approval,True,24 214095 ESC 20 OZ,DAVID MORSE,,,1066470 ONTARIO INC,True,1212-1238 KINGSTON RD
2026.SC31.1,3307 and 3313 Ellesmere Road - Official Plan Amendment and Zoning By-law Amendment - Decision Report - Approval,True,25 230280 ESC 25 OZ,"MICHAEL TESTAGUZZA (THE BIGLIERI GROUP LTD) 2472 Kingston Road, Toronto, ON, M1N 1 V3","MICHAEL TESTAGUZZA (THE BIGLIERI GROUP LTD) 2472 Kingston Road, Toronto, ON, M1N 1V3","MAR ARCHITECT INC. 20 Mural Street, Unit 5, Richmond Hill, ON, L4B 1K3","1001184476 ONTARIO INC. 20 Mural Street, Unit 5, Richmond H ill, ON, L4B 1K3",True,3307 ELLESMERE RD
2026.SC31.3,"1710 and 1712 Ellesmere Road - Official Plan Amendment, Zoning By-law Amendment and Draft Plan of Subdivision Applications - Decision Report - Approval",True,23 165547 ESC 24 SB,Tridel,,Kirkor Architects and Planners,COMMUNITY LIVING TORONTO,True,1712 ELLESMERE RD
2026.SC32.1,"5, 7, 9 and 11 Bellamy Road South - Zoning By-law Amendment Application - Decision Report - Approval",True,25 124181 ESC 20 OZ,PROFILE DEVELOPMENTS INC,,,1319593 ONTARIO LIMITED,True,7 BELLAMY RD
2026.SC32.2,468 to 480 Danforth Road and 509 Birchmount Road - Zoning By-law Amendment Application - Decision Report - Approval,True,22 210128 ESC 20 OZ,ALTREE DEVELOPMENTS,,,468 DANFORTH DEVELOPMENTS LIMITED,True,468-480 DANFORTH RD
2026.SC33.1,1911 and 1921 Eglinton Avenue East - Official Plan Amendment and Zoning By-law Amendment Application - Decision Report - Approval,True,24 221616 ESC 20 OZ,KLM PLANNING PARTNERS INC,,,SAMUEL SARICK LIMITED GRADUATE HOLDINGS LIMITED,True,1911-1921 EGLINTON AVE
2026.SC33.12,60 Guildwood Parkway - Official Plan and Zoning By-law Amendment - Decision Report - Approval,True,25 232204 ESC 24 OZ,"EXTENDICARE (CANADA) INC. 3000 Steeles Avenue E - Suite 400, Markham ON L3R 4T9","EXTENDICARE (CANADA) INC. 3000 Steeles Avenue E - Suite 400, Markham ON L3R 4T9","KASIAN ARCHITECTURE 85 Hanna Avenue, Toronto ON M6K 3S3","EXTENDICARE (CANADA) INC. 3000 Steeles Avenue E - Suite 400, Markham ON L3R 4T9",True,60 GUILDWOOD PKWY
2026.SC33.2,"3310, 3312 and 3314 Kingston Road - Zoning By-law Amendment - Decision Report - Approval",True,20 219229 ESC 20 OZ,THE PLANNING PARTNERSHIP,,,KINGSTON NOMINEE LTD,True,3312 KINGSTON RD
2026.SC33.5,251 Staines Road (formerly addressed 311 Staines Road) -  Official Plan Amendment and Zoning By-law Amendment - Decision Report - Approval,True,25 110294 ESC 25 OZ,Tamil Community Centre (TCC),"Emma West BOUSFIELDS 3 Church Street Toronto, ON M5E 1M2","John Mckenna gh3* 55 Ossington Avenue, Suite 100 Toronto, ON M6J 2Y9",CITY OF TORONTO,True,251 STAINES RD
2026.SC33.9,"507, 511 and 513 Victoria Park Avenue and 4, 6, 7, 11 and 14 Thora Avenue - Official Plan and Zoning By-law Amendment Application - Decision Report - Approval",True,24 254930 ESC 20 OZ,BATORY PLANNING AND MANAGEMENT,,,14 THORA INC.,True,507 VICTORIA PARK AVE
2026.TE28.12,353-355 Sherbourne Street and 157 Carlton Street - Official Plan and Zoning By-law Amendment Application - Decision Report - Approval,True,,David Huynh (C/O Bousfields,N/A,KPMB Architects,353 Sherbourne Holdings.,False,
2026.TE29.12,"1684, 1698, 1700 and 1702 Queen Street East - Official Plan and Zoning By-law Amendment - Decision Report - Approval",True,25 150383 STE 19 OZ,Bousfields Inc.,,Graziani and Corazza Architects,Queen Kingston Holdings Inc.,True,1698 QUEEN ST
2026.TE31.24,9 Drumsnab Road - Alterations to a Designated Heritage Property in the South Rosedale Heritage Conservation District - Refusal,False,,,,,,False,
2026.TE32.10,"17-19, 23 and 25 Toronto Street and 55 and 57 Adelaide Street East - Zoning By-law Amendment Application - Decision Report - Approval",True,,SvN Architects and Planners,SvN Architects and Planners,SvN Architects and Planners,Goband (Toronto) Development Ltd. and Goband 57 (Toronto) Development Ltd.,False,
2026.TE32.11,"17-19, 23 and 25 Toronto Street and 55 Adelaide Street East - Alterations to Heritage Properties, Demolition of a Building within the St. Lawrence Neighbourhood Heritage Conservation District, Approval of a Replacement Building and Authority to Enter into a Heritage Easement Agreement",False,,,,,,False,
2026.TE32.12,"954, 956 and 958 Broadview Avenue and 72 Chester Hill Road - Official Plan Amendment and Zoning By-law Amendment Application - Decision Report - Approval",True,25 219469 STE 14 OZ,DIAMOND CORP & ALTERRA DEVELOPMENTS,,GRAZIANI + CORAZZA ARCHITECTS,DK BROADVIEW INC,True,954 BROADVIEW AVE
2026.TE32.5,1233 Yonge Street and 9 Woodlawn Avenue East - Official Plan and Zoning By-law Amendment Application - Decision Report - Approval,True,21 251886 STE 11 OZ,BOUSFIELDS INC,,ARCADIS,WOODLAWN RESIDENCES CORP.,True,9 WOODLAWN AVE
2026.TE32.6,1233 Yonge Street and 9 Woodlawn Avenue East - Rental Housing Demolition Application - Decision Report - Approval,False,,,,,,False,
2026.TE34.12,1497 and 1501 Queen Street West and 89 and 91 Beaty Avenue - Official Plan and Zoning By-law Amendment Application - Decision Report - Approval,True,,PARKDALE ACTIVITY RECREATION CENTRE,,DTAH,PARKDALE ACTIVITY RECREATION CENTRE,False,
