item_id,agenda_item_title,linked_via,link_confidence,side,beneficiary_context
2023.CC1.5,"415 Broadview Avenue - Notice of Intention to Designate a Property under Part IV, Section 29 of the Ontario Heritage Act",address,street_type_matched,developer,
2023.CC13.10,250 Wincott Drive and 4620 Eglinton Avenue West - Authority to Amend Section 37 Agreement to Reflect the Minor Variance Decision of the Committee of Adjustment,address,street_type_matched,developer,Trinity Development Group Inc.; ; ; Trinity Development Group; Trinity Development Group Inc.
2023.CC5.24,1-3 Concorde Gate and 10-12 Concorde Place - Zoning By-law Amendment - Ontario Land Tribunal Appeal - Request for Directions,address,street_type_matched,developer,Fengate Asset Management; Artis Concorde Limited; Fengate CCC Holdings LP; Fengate Asset Management; Fengate CCC Holdings LP; Fengate Asset Management
2023.CC6.13,"15, 19, 21 and 23 Toryork Drive - Ontario Land Tribunal Hearing - Request for Directions",address,street_type_matched,developer,Centrillium Inc.; Berkshire Axis Group; Berkshire Axis Group
2023.CC7.11,1-3 Concorde Gate and 10-12 Concorde Place - Zoning By-law Amendment - Ontario Land Tribunal Appeal - Request for Directions,address,street_type_matched,developer,Fengate Asset Management; Artis Concorde Limited; Fengate CCC Holdings LP; Fengate Asset Management; Fengate CCC Holdings LP; Fengate Asset Management
2023.CC7.9,"4, 6, 8 and 10 Beamish Drive - Zoning By-law Amendment Application - Ontario Land Tribunal Hearing - Request for Directions",address,street_type_matched,developer,Fengate Capital Management Ltd; 4-10 Beamish LP; LiUNA Pension Fund of Central and Eastern Canada; Fengate Capital Management Ltd; 4-10 Beamish LP; LiUNA Pension Fund of Central and Eastern Canada; Fengate Capital Management Ltd; 4-10 Beamish LP; LiUNA Pension Fund of Central and Eastern Canada; Fengate Capital Management Ltd; 4-10 Beamish LP; LiUNA Pension Fund of Central and Eastern Canada; Triage Development Corporation; ; Amdev (Beamish) LP; Triage Development Corp.; 
2023.DM10.1,20 Broadoaks Drive and 11 Catford Road - Ontario Land Tribunal Hearing - Request for Directions,address,street_type_matched,developer,
2023.EY5.1,4500 Jane Street - Zoning By-law Amendment Application - Decision Report - Approval,identity+address,org_key_merge,developer,Bousfields Inc.
2023.EY6.2,2801 Jane Street - Zoning By-law Amendment Application - Decision Report - Approval,identity+address,org_key_merge,developer,Bousfields Inc.
2023.EY7.3,"5, 6 and 9 Jopling Avenue South - Zoning By-law Amendment - Decision Report - Approval",identity+address,org_key_merge,developer,Bousfields Inc.; Quadrangle Architects Limited
2023.MM10.5,"Request to Consider Heritage Designation at 3100 Weston Road - by Councillor Anthony Perruzza, seconded by Councillor James Pasternak",address,street_type_matched,developer,AvranceCorp Developments; AvranceCorp Developments; 
2023.NY8.10,48 Grenoble Drive - Zoning By-law Amendment and Rental Housing Demolition Applications - Decision Report - Approval,identity+address,org_key_merge,developer,Diamond Schmitt Architects inc.; Goldberg Group; Tenblock
2023.PB1.4,"51 Panorama Court - Notice of Intention to Designate a Property under Part IV, Section 29 of the Ontario Heritage Act and Authority to Enter into a Heritage Easement Agreement",address,street_type_matched,developer,
2023.PB4.10,"5, 7, 9, 11, 13 Charles Street West; 11, 13 Irwin Avenue; 10 Isabella Street, 145 St. Luke Lane and 750 and 756 Yonge Street - Inclusion of 11 Properties on the Heritage Register",address,street_type_matched,developer,Royal Canadian Legion; Royal Canadian Legion Branch 238
2023.PB4.3,"153 and 185 Eastern Avenue - Notice of Intention to Designate a Property under Part IV, Section 29 of the Ontario Heritage Act",address,street_type_matched,developer,
2023.PB7.1,"38 Walmer Road - Notice of Intention to Designate a Property under Part IV, Section 29 of the Ontario Heritage Act",address,street_type_matched,developer,; ; 
2023.SC2.1,"1625, 1633 and 1641 Kingston Road and 52 Birchcliff Avenue - Rental Housing Demolition Application - Final Report",address,street_type_matched,developer,
2023.TE1.6,415 Broadview Avenue - Official Plan and Zoning By-law Amendment - Request for Direction Report,identity+address,org_key_merge,developer,Bousfields Inc.
2023.TE4.13,"25 St. Mary Street - Official Plan Amendment,  Zoning Amendment, and Rental Housing Demolition Applications - Decision Report - Approval",identity+address,org_key_merge,developer,Microbjo Properties Inc.; Urban Strategies Inc.; gh3*
2023.TE4.36,Ontario Place - Official Plan Amendment and Zoning By-law Amendment - Status Report,identity,org_key_merge,developer,Urban Strategies Inc.
2023.TE6.21,325 Gerrard Street East (Regent Park Phases 4 and 5) - Zoning By-law Amendment and Rental Housing Demolition Applications - Decision Report - Approval,identity,org_key_merge,developer,Toronto Community Housing Corporation
2023.TE9.12,822-838 Richmond Street West Official Plan and Zoning By-law Amendment Applications - Decision Report - Approval,identity+address,org_key_merge,developer,Hullmark Developments Ltd.
2023.TE9.27,685 Lake Shore Boulevard East - Applications for Zoning By-law Amendment and Site Plan Control - Appeal Report,identity+address,org_key_merge,developer,SLH Lakeshore Inc.
2024.CC14.10,"3585 and 3595 St. Clair Avenue East, 636 to 646 and 641 to 663 Danforth Road, and 411 and 415 Kennedy Road - Official Plan Amendment, Zoning Amendment, Draft Plan of Subdivision - Request for Direction",address,street_type_matched,developer,St. Clair Investment Group; Republic Developments Inc.; Toronto (Scarborough Junction) Limited Partnership; Harlo Capital
2024.CC17.7,4884-4896 Dundas Street West - Ontario Land Tribunal Hearing - Request for Directions,address,street_type_matched,developer,; Rockport Group; Rockport Homes Limited
2024.CC19.12,"300 Borough Drive, 1755 Brimley Road, 400 to 580 Progress Avenue and 350 Town Centre Court - Ontario Land Tribunal Hearing - Request for Directions",address,street_type_matched,developer,
2024.CC20.19,"1053 Don Mills Road, 2, 4, 4R, and 6 The Donway East Zoning By-law Amendment - Request for Direction Report",address,street_type_matched,developer,; The Don Way East Limited; Plaza Partners; The Donway Acquisition Limited Partnership
2024.CC21.3,70-86 Lynn Williams Street - Zoning By-law Amendment Application- Ontario Land Tribunal Hearing - Request for Directions,address,street_type_matched,developer,Collecdev; Collecdev; Collecdev
2024.CC21.4,"4195 Dundas Street West and 556, 558, 560, 562 and 564 Prince Edward Drive North - Official Plan Amendment and Zoning By-law Amendment Applications - Ontario Land Tribunal Hearing - Request for Directions",address,street_type_matched,developer,Dunpar Developments Inc.; 1136974 Ontario Inc
2024.CC24.11,"1245 and 1285 Dupont Street, 1260 Dufferin Street, and 213 Emerson Avenue - Ontario Land Tribunal Hearing - Request for Directions",address,street_type_matched,developer,; ELAD Canada; Elad Canada; Elad Canada
2024.CC24.12,33-51 Walsh Avenue and 2717-2745 Weston Road - Ontario Land Tribunal Hearing - Request for Directions,address,street_type_matched,developer,
2024.CC24.13,417-419 Burnhamthorpe Road - Ontario Land Tribunal Hearing - Request for Directions,address,street_type_matched,developer,
2024.CC24.6,"4001 Steeles Avenue West, 5000 Jane Street and 360 Hullmar Drive - Ontario Land Tribunal Hearing - Request for Directions",address,street_type_matched,developer,
2024.EY10.5,4884-4896 Dundas Street West - Official Plan Amendment and Zoning By-law Amendment Application - Appeal Report,address,street_type_matched,developer,; Rockport Group; Rockport Homes Limited
2024.EY14.2,1911 Finch Avenue West (Jane Finch Mall) - Official Plan Amendment and Zoning Amendment Applications - Decision Report - Approval,identity+address,org_key_merge,developer,Brad-Jay Investments Ltd.; Urban Strategies Inc.
2024.EY18.7,"220, 230 and 240 Lake Promenade and 21 and 31 Park Boulevard - Official Plan Amendment, Zoning By-law Amendment, and Draft Plan of Subdivision Applications - Appeal Report",identity+address,org_key_merge,developer,Bousfields Inc.
2024.NY10.5,3 Swift Drive - Zoning By-law Amendment and Rental Housing Demolition Applications - Decision Report - Approval,identity+address,org_key_merge,developer,2724471 Ontario Inc.; Republic Developments
2024.NY11.2,72 Church Avenue - Official Plan and Zoning By-law Amendment Application - Decision Report - Approval,identity+address,org_key_merge,developer,The Biglieri Group Ltd.
2024.NY11.6,"1053 Don Mills Road, 2, 4, 4R, and 6 The Donway East Zoning By-law Amendment, Plan of Subdivision, and Site Plan Applications - Appeal Report",identity+address,org_key_merge,developer,Bousfields Inc.
2024.NY13.3,"824 Sheppard Avenue West, 177, 179 and 181 Cocksfield Avenue - Zoning Amendment  and Rental Housing Demolition and Conversion Application - Decision Report - Approval",identity+address,org_key_merge,developer,Bousfields Inc.
2024.NY15.3,155 Antibes Drive - Zoning By-law Amendment Application - Decision Report - Approval,identity+address,org_key_merge,developer,Urban Strategies Inc.
2024.NY15.4,1875 Steeles Avenue West - Zoning By-law Amendment and Rental Housing Demolition and Conversion Applications - Decision Report - Approval,identity+address,org_key_merge,developer,Bousfields Inc.; Tenblock
2024.NY18.12,230 and 240 The Donway West - Official Plan Amendment and Zoning Amendment Application - Decision Report - Approval,identity,org_key_merge,developer,Donway Co-operative Development Corporation
2024.PB15.10,"49 and 51 Yonge Street - Alterations to Heritage Properties, Demolition of Heritage Attributes and Authority to Enter into a Heritage Easement Agreement",address,street_type_matched,developer,SmartCentres REIT; Calloway Real Estate Investment Trust Inc.; SmartCentres REIT; 
2024.PB15.11,"625 Yonge Street (Including 627, 629, 631, 633, 635 and 637 Yonge Street and 1, 3 and 5 Isabella Street) - Alterations to a Heritage Property and Authority to Enter into a Heritage Easement Agreement",address,street_type_matched,developer,YI Developments Limited; YI Developments Limited; YI Developments; Rabba Fine Foods; YI Developments; Colliers International Group Inc.; YI Developments; Rabba Fine Foods; YI Developments
2024.PB15.13,1779-1787 Bayview Avenue - Official Plan and Zoning By-law Amendment and Site Plan Control Applications - Heritage Matters,address,street_type_matched,developer,Condor Properties
2024.PB16.13,"68 Wellesley Street East - Refusal of Application for Alterations to Designated Heritage Properties Under Part IV, Section 33 of the Ontario Heritage Act",address,street_type_matched,developer,
2024.PB16.16,"374, 376 and 378 Yonge Street - Approval of Application for Alterations to Designated Heritage Properties Under Part IV, Section 33 of the Ontario Heritage Act and Authority to Enter into a Heritage Easement Agreement",address,street_type_matched,developer,
2024.PH11.13,"1111 Danforth Avenue - Notice of Intention to Designate a Property under Part IV, Section 29 of the Ontario Heritage Act",address,street_type_matched,developer,1095- 1111 Danforth Project GP Inc.; Core Development Group Ltd.; 
2024.PH15.3,35 Bellevue Avenue - Zoning By-law Amendment - Decision Report - Approval,identity,org_key_merge,developer,Montgomery Sisam Architects Inc.
2024.SC10.5,54-62 Glen Everest Road - Rental Housing Demolition Application - Decision Report - Approval,address,street_type_matched,developer,Altree Developments
2024.TE12.5,171-175 Lowther Avenue - Official Plan and Zoning By-law Amendment Application - Decision Report - Approval,identity+address,org_key_merge,developer,WND Associates
2024.TE13.6,1095 and 1111 Danforth Avenue - Zoning By-law Amendment Application - Decision Report - Approval,identity+address,org_key_merge,developer,MHBC Planning
2024.TE13.7,1117 Danforth Avenue - Zoning By-law Amendment and Rental Housing Demolition Applications - Decision Report - Approval,identity+address,org_key_merge,developer,MHBC Planning
2024.TE13.8,1400 Gerrard Street East - Zoning By-law Amendment Application - Decision Report - Approval,identity+address,org_key_merge,developer,Bousfields Inc.
2024.TE14.16,135 Roxborough Drive - Alterations to a Designated Heritage Property in the North Rosedale Heritage Conservation District,address,street_type_matched,developer,Tessa Virtue and Morgan Rielly
2024.TE15.10,400 Broadview Avenue - Official Plan and Zoning By-law Amendment - Decision Report - Approval,identity,org_key_merge,developer,Bousfields Inc.
2024.TE16.5,214-230 Sherbourne Street - Official Plan and Zoning By-law Amendment Application - Decision Report - Approval,identity,org_key_merge,developer,Hariri Pontarini Architects
2024.TE17.8,"985 Woodbine Avenue and 2078, 2086, 2100, 2102 and 2106 Danforth Avenue - Zoning By-law Amendment and Rental Housing Demolition Applications - Decision Report - Approval",identity+address,org_key_merge,developer,Bousfields Inc.; CP REIT Ontario Properties Limited
2025.CC32.20,"220, 230 and 240 Lake Promenade and 21 and 31 Park Boulevard - Ontario Land Tribunal Hearing - Request for Directions",address,street_type_matched,developer,Compten Management Inc.; The Lake Promenade Co-Tenancy; The Lake Promenade Co-Tenancy
2025.CC34.4,2 Tippett Road - Ontario Land Tribunal Hearing - Request for Directions,address,street_type_matched,developer,Urban Capital (Tippett) Inc.
2025.EY23.1,3406-3434 Weston Road - Official Plan and Zoning By-law Amendment Application - Decision Report - Approval,identity+address,org_key_merge,developer,Bousfields Inc.; ICON Architects Inc.; Pinemount Developments Ltd.
2025.EY26.2,1138 Islington Avenue - Zoning By-law Amendment Application - Decision Report - Approval,identity,org_key_merge,developer,MHBC Planning
2025.EY26.4,3418 Lake Shore Boulevard West and 0 Skeens Lane - Official Plan Amendment and Zoning By-law Amendment Application - Decision Report - Approval,identity,org_key_merge,developer,Weston Consulting
2025.MM32.44,"250 Wincott Drive - Request for City Solicitor to Attend at the Ontario Land Tribunal - by Councillor Stephen Holyday, seconded by Councillor Parthi Kandavel",address,street_type_matched,developer,Trinity Development Group Inc.; ; ; Trinity Development Group; Trinity Development Group Inc.
2025.NY22.1,1 Broadlands Boulevard - Zoning By-law Amendment Application- Decision Report - Approval,identity+address,org_key_merge,developer,12723638 Canada Ltd.; The Planning Agency Inc.
2025.NY25.8,1410 Eglinton Avenue West - Zoning By-law Amendment - Appeal Report,identity,org_key_merge,developer,MHBC Planning
2025.PH18.16,"3100 Weston Road - Notice of Intention to Designate a Property under Part IV, Section 29 of the Ontario Heritage Act",address,street_type_matched,developer,AvranceCorp Developments; AvranceCorp Developments; 
2025.PH20.1,7-9 Wardlaw Crescent - City-Initiated Zoning By-law Amendment - Decision Report - Approval,identity,org_key_merge,developer,Montgomery Sisam Architects Inc.
2025.PH20.4,1 Dundas Street East: Amendments to the Sign By-law,address,street_type_matched,developer,
2025.SC20.1,2759 and 2761 to 2763 Kingston Road and 52 St Quentin Avenue - Official Plan and Zoning By-law Amendment Application - Decision Report - Approval,address,street_type_matched,developer,
2025.SC23.1,"2823, 2825, 2827 and 2829 Eglinton Avenue East - Zoning By-law Amendment - Decision Report - Approval",identity+address,org_key_merge,developer,2872136 Ontario Inc; Bousfields Inc.
2025.SC24.1,4610 Finch Avenue East - Zoning By-law Amendment Application - Decision Report - Approval,identity,org_key_merge,developer,Montgomery Sisam Architects Inc.
2025.TE21.4,"158 Sterling Road (Blocks 5B, 5C and 5D) and 190 Sterling Road (Block 3B) - Official Plan and Zoning By-law Amendment Applications - Decision Report - Approval",address,street_type_matched,developer,HC Lower JCT Holdings LP; HC Lower JCT GP Ltd; Castlepoint Studio Partners; Nestle Canada Inc; Castlepoint Studio Partners; Nestle Canada Inc; ; Castlepoint Studio Properties Limited; ; ; ROI Capital; Castlepoint Studio Partners; HC Lower JCT Holdings LP; HC Lower JCT GP Ltd.; ; Castlepoint Greybrook Sterling Inc.; HC Lower JCT Holdings LP; HC Lower JCT GP Ltd.; Castlepoint Studio Partners; HC Lower JCT Holdings LP; HC Lower JCT GP Ltd.; HC Lower JCT Holdings LP; HC Lower JCT GP Ltd
2025.TE21.9,111 Peter Street - Zoning By-law Amendment Application - Decision Report - Approval,identity,org_key_merge,developer,Capital Developments
2026.CC39.10,895 Lawrence Avenue East - Ontario Land Tribunal Hearing - Request for Directions,address,street_type_matched,developer,First Capital Realty Inc.; FCHT Holdings (Ontario) Corporation; First Capital Realty Inc.; FCHT Holdings (Ontario) Corporation; 
2026.CC41.14,155 St Dennis Drive - Ontario Land Tribunal Hearing - Request for Directions,address,street_type_matched,developer,Don Valley Trails Park Holdings Inc; Tercot Communities
2026.EY29.2,2256 Lake Shore Boulevard West - Official Plan Amendment and Zoning By-law Amendment Application - Decision Report - Approval,identity+address,org_key_merge,developer,Core Architects; WND Associates
2026.EY30.1,2775 Jane Street - Zoning By-law Amendment - Decision Report - Approval,identity,org_key_merge,developer,Urban Strategies Inc.
2026.EY31.2,2 to 4 Mendota Road - Official Plan and Zoning By-law Amendment - Decision Report - Approval,identity,org_key_merge,developer,GHD Limited
2026.EY31.3,"2915, 2917, 2939, 2941 and 2943 Bloor Street West - Zoning By-law Amendment Application - Appeal Report",identity+address,org_key_merge,developer,Arcadis Architects (Canada) Inc.; Goldberg Group
2026.EY32.1,2686 and 2688 Lake Shore Boulevard West - Official Plan and Zoning By-law Amendment Application - Decision Report - Approval,identity+address,org_key_merge,developer,Insoho Developments Inc.; Wallman Architects Ltd.
2026.EY32.5,3100 Weston Road - Zoning By-law Amendment Application - Appeal Report,identity+address,org_key_merge,developer,MHBC
2026.NY33.2,75-81 Billy Bishop Way - Official Plan Amendment and Zoning By-law Amendment Applications - Appeal Report,identity,org_key_merge,developer,Colliers Strategy & Consulting; Manulife Ontario Property Portfolio Inc.
2026.NY34.12,245 Eglinton Avenue East - Official Plan Amendment and Zoning By-law Amendment Application- Decision Report - Approval,identity+address,org_key_merge,developer,Crestview Investment Corporation
2026.NY34.25,922 Millwood Road - Official Plan Amendment and Zoning By-law Amendment Application - Decision Report - Approval,identity,org_key_merge,developer,M. Behar Planning & Design Inc.; TAES Architects Inc.
2026.NY34.8,1-11 Vinci Crescent - Official Plan Amendment and Zoning Amendment Applications - Decision Report - Approval,identity+address,org_key_merge,developer,MHBC Planning
2026.NY34.9,1377 Sheppard Avenue West (Downsview West District) - Zoning By-law Amendment - Decision Report - Approval,identity,org_key_merge,developer,Parc Downsview Park Inc.; Urban Strategies Inc.
2026.PH27.2,"Toronto Builds - 1631 and 1641 Queen Street East, and 1080 (Portion) and 1090 Eastern Avenue - Official Plan and Zoning By-law Amendment - Decision Report - Approval",identity,org_key_merge,developer,SvN Architects + Planners
2026.PH29.6,105-109 Vanderhoof Avenue and 10 Brentcliffe Road - Official Plan Amendment Application - Appeal Report,address,street_type_matched,developer,
2026.PH30.3,3838 Bloor Street West - Official Plan and Zoning By-law Amendment Application - Decision Report - Approval,identity,org_key_merge,developer,ERA Architects Inc.
2026.SC28.1,1212 to 1238 Kingston Road - Zoning By-law Amendment - Decision Report - Approval,address,street_type_matched,developer,The Sud Group; The Sud Group
2026.SC31.1,3307 and 3313 Ellesmere Road - Official Plan Amendment and Zoning By-law Amendment - Decision Report - Approval,identity+address,org_key_merge,developer,1001184476 Ontario Inc.
2026.SC31.3,"1710 and 1712 Ellesmere Road - Official Plan Amendment, Zoning By-law Amendment and Draft Plan of Subdivision Applications - Decision Report - Approval",identity+address,org_key_merge,developer,TRIDEL
2026.SC32.1,"5, 7, 9 and 11 Bellamy Road South - Zoning By-law Amendment Application - Decision Report - Approval",identity+address,org_key_merge,developer,Profile developments
2026.SC32.2,468 to 480 Danforth Road and 509 Birchmount Road - Zoning By-law Amendment Application - Decision Report - Approval,identity,org_key_merge,developer,Altree Developments
2026.SC33.1,1911 and 1921 Eglinton Avenue East - Official Plan Amendment and Zoning By-law Amendment Application - Decision Report - Approval,identity+address,org_key_merge,developer,KLM Planning Partners Inc.
2026.SC33.12,60 Guildwood Parkway - Official Plan and Zoning By-law Amendment - Decision Report - Approval,identity+address,org_key_merge,developer,Extendicare (Canada) Inc.
2026.SC33.2,"3310, 3312 and 3314 Kingston Road - Zoning By-law Amendment - Decision Report - Approval",identity+address,org_key_merge,developer,The Planning Partnership Limited
2026.TE28.12,353-355 Sherbourne Street and 157 Carlton Street - Official Plan and Zoning By-law Amendment Application - Decision Report - Approval,identity,org_key_merge,developer,KPMB Architects
2026.TE29.12,"1684, 1698, 1700 and 1702 Queen Street East - Official Plan and Zoning By-law Amendment - Decision Report - Approval",identity+address,org_key_merge,developer,Bousfields Inc.; Queen Kingston Holdings Inc.
2026.TE32.10,"17-19, 23 and 25 Toronto Street and 55 and 57 Adelaide Street East - Zoning By-law Amendment Application - Decision Report - Approval",address,street_type_matched,developer,; Goband Investment Ltd
2026.TE32.11,"17-19, 23 and 25 Toronto Street and 55 Adelaide Street East - Alterations to Heritage Properties, Demolition of a Building within the St. Lawrence Neighbourhood Heritage Conservation District, Approval of a Replacement Building and Authority to Enter into a Heritage Easement Agreement",address,street_type_matched,developer,; Goband Investment Ltd
2026.TE32.12,"954, 956 and 958 Broadview Avenue and 72 Chester Hill Road - Official Plan Amendment and Zoning By-law Amendment Application - Decision Report - Approval",identity+address,org_key_merge,developer,graziani + corazza architects
2026.TE32.5,1233 Yonge Street and 9 Woodlawn Avenue East - Official Plan and Zoning By-law Amendment Application - Decision Report - Approval,identity+address,org_key_merge,developer,Bousfields Inc.
2026.TE32.6,1233 Yonge Street and 9 Woodlawn Avenue East - Rental Housing Demolition Application - Decision Report - Approval,address,street_type_matched,developer,; 1233Y Development Limited Partnership; Coriam Capital Management Corporation; Calmco Inc; 1233Y Development Limited Partnership; Coriam Capital Management Corporation; Calmco Inc; Plazacorp; 
2026.TE34.12,1497 and 1501 Queen Street West and 89 and 91 Beaty Avenue - Official Plan and Zoning By-law Amendment Application - Decision Report - Approval,identity,org_key_merge,developer,DTAH
